{
  "name": {
    "name": "Людоед",
    "emoji": {
      "emoji": "👹",
      "custom_emoji_id": 5361963839501907589
    }
  },
  "description": "Вы- убийца , которая состоит в команде мафии. Каждую ночь вы можете выбирать любого игрока (не из команды мафии) и убивать",
  "fraction": "RoleFractonMafia",
  "required_players": 25,
  "weight_vote": 1,
  "enabled": true,
  "msg_select_action": "Выбери что сделаешь этой ночью!",
  "msg_skip": {
    "btn_name": "Отдохнуть",
    "message": "Людоед сегодня сыт!"
  },
  "actions": [
    {
      "name": "Убить",
      "type": "RoleActionTypeKilling",
      "role_allowed": {
        "ID": "RoleListTypeBlackList",
        "role_ids": [1, 2, 9, 11, 13, 105]
      },
      "role_freeze": "RoleListTypeBlackList",
      "count_victims": 2,
      "cooldown": 0,
      "process": {
        "msg": "Выбери, на кого начнешь охоту",
        "msg_chat": "{actor_role} выбрался из своего логова",
        "msg_pm": "Сегодня ты решил безжалостно съесть {victim_username}"
      },
      "success": {
        "msg_actor": "Трапеза удалась, ты полакомился  {victim_username}",
        "msg_victim": "{actor_role} Сегодня растерзал тебя в  клочья"
      },
      "failed": {
        "msg_actor": "Ужин был не вкусным",
        "msg_victim": "{actor_role} сегодня посетил тебя, но кто-то нарушил его трапезу"
      }
    }
  ]
}