{
  "name": {
    "name": "Лекарь",
    "emoji": {
      "emoji": "💉",
      "custom_emoji_id": 5330139231350194463
    }
  },
  "description": "Вы — доверенное лицо мафии, тайно обеспечивающее её выживание. Каждую ночь вы можете выбрать одного члена мафии (включая себя) и защитить его от убийства. Если на этого игрока будет совершено нападение (от маньяка, комиссара и т.д.), он останется в живых.",
  "fraction": "RoleFractonMafia",
  "required_players": 16,
  "weight_vote": 1,
  "enabled": true,
  "msg_select_action": "Выбери что сделаешь этой ночью!",
  "msg_skip": {
    "btn_name": "Отдохнуть",
    "message": "Лекарь сегодня не работает!"
  },
  "actions": [
    {
      "name": "Лечить",
      "type": "RoleActionTypeHealing",
      "role_allowed": {
        "ID": "RoleListTypeWhiteList",
        "role_ids": [1, 2, 9, 11, 13, 105]
      },
      "role_freeze": "RoleListTypeBlackList",
      "count_victims": 1,
      "cooldown": 1,
      "process": {
        "msg": "Кому поможешь пережить эту ночь?",
        "msg_chat": "{actor_role} идёт защищать мафию!",
        "msg_pm": "Сегодня ты решил спасти {victim_username}!"
      },
      "success": {
        "msg_actor": "Ты помог пережить эту ночь {victim_username}, его пытались убить!",
        "msg_victim": "{actor_role} помог тебе пережить эту ночь! Тебя хотели убить!"
      },
      "failed": {
        "msg_actor": "Твоя помощь этой ночью не нужна!",
        "msg_victim": "{actor_role} хотел помочь пережить тебе эту ночь, но на тебя не покушались!"
      }
    }
  ]
}
