{
  "name": {
    "name": "Энерджайзер",
    "emoji": {
      "emoji": "\uD83D\uDD0B",
      "custom_emoji_id": 5449587434402623682
    }
  },
  "description": "Твоя задача легка - забирай энергию у кого хочешь или наоборот наполняй энергией",
  "fraction": "RoleFractonPeace",
  "required_players": 16,
  "weight_vote": 1,
  "enabled": true,
  "msg_select_action": "Выбери что сделаешь этой ночью!",
  "msg_skip": {
    "btn_name": "Отдохнуть",
    "message": "Энерджайзер решил сэкономить энергию и отдохнул от всех!"
  },
  "actions": [
    {
      "name": "Глушить",
      "type": "RoleActionTypeFreeze",
      "role_allowed": "RoleListTypeBlackList",
      "role_freeze": "RoleListTypeBlackList",
      "count_victims": 1,
      "process": {
        "msg": "Реши на ком сегодня испытать твои навыки!",
        "msg_chat": "{actor_role} решает свои электрические дела!",
        "msg_pm": "Ты забрал энергию и погрузил в сон {victim_username}!"
      },
      "success": {
        "msg_victim": "{actor_role} решил забрать у тебя всю энергию! Ты придёшь в себя только следующий ночью!"
      }
    },
    {
      "name": "Лечить",
      "type": "RoleActionTypeHealing",
      "role_allowed": "RoleListTypeBlackList",
      "role_freeze": "RoleListTypeBlackList",
      "count_victims": 1,
      "process": {
        "msg": "Реши на ком сегодня испытать твои навыки!",
        "msg_chat": "{actor_role} решает свои электрические дела!",
        "msg_pm": "Ты отдал энергию Жизни {victim_username}!"
      },
      "success": {
        "msg": "{actor_role} взбодрил кого-то!",
        "msg_victim": "{actor_role} оживил тебя своей энергией, кто-то тебя пытался убить!",
        "msg_actor": "Ты оживил {victim_username} после его убийства!"
      }
    }
  ]
}
