{
  "name": {
    "name": "Привидение",
    "emoji": {
      "emoji": "👻",
      "custom_emoji_id": 5348185683200582022
    }
  },
  "description": "Буу, ты привидение, твоя цель вселиться в чью-то душу в процессе игры",
  "fraction": "RoleFractonPeace",
  "required_players": 20,
  "weight_vote": 1,
  "revenge_kill": true,
  "enabled": false,
  "msg_select_action": "Выбери действие на эту ночь",
  "msg_skip": {
    "btn_name": "Выспаться",
    "message": "{actor_role} решило ни в кого не вселяться этой ночью"
  },
  "actions": [
    {
      "name": "Вселиться",
      "type": "RoleActionTypeKill",
      "role_allowed":"RoleListTypeBlackList",
      "role_freeze": "RoleListTypeBlackList",
      "count_victims": 1,
      "process": {
        "msg": "Выберите, в кого вы хотите вселиться",
        "msg_pm": "Вы полетели захватывать душу мгрока {victim_username}",
        "msg_chat": "{actor_role} хочет сегодня забрать чью-то душу"
      },
      "success": {
        "switch_role": "RoleSwitchToVictimRole",
        "msg_victim": "{actor_role} забрало вашу душу, теперь вами управляют",
        "msg_actor": "Вы успешно забрали душу {victim_username}, теперь вы {victim,_role}"
      },
      "failed": {
        "msg_victim": "Вашу душу пытались отнять, но кто-то помешал этому",
        "msg_actor": "Вам не удалось забрать душу {victim_username}, кто-то спугнул вас"
      }
    }
  ]
}
